{
  "health_check": 1.5892982482910156,
  "filter_options": 1.1937618255615234,
  "table_data": 11842.49758720398,
  "root_features": 11427.098989486694,
  "histogram_decoder_similarity": 97.7475643157959,
  "histogram_quality": 92.49210357666016
}