{
  "health_check": 1.8930435180664062,
  "filter_options": 1.234292984008789,
  "table_data": 8924.391984939575,
  "root_features": 51.804304122924805,
  "histogram_decoder_similarity": 51.859378814697266,
  "histogram_quality": 53.88021469116211
}