{
  "health_check": 1.6078948974609375,
  "filter_options": 1.1439323425292969,
  "table_data": 31914.65187072754,
  "root_features": 82.62014389038086,
  "histogram_decoder_similarity": 99.98726844787598,
  "histogram_quality": 101.16839408874512
}